date,dau,new_users,non_new_active_users,new_user_share,sessions,events,sessions_per_user,events_per_user
2020-11-01,2365,1946,419,0.82283298097251589,2625,31272,1.109936575052854,13.222832980972516
2020-11-02,3262,2485,777,0.7618025751072961,3726,48388,1.1422440220723482,14.833844267320663
2020-11-03,4648,3665,983,0.78851118760757311,5347,61672,1.1503872633390706,13.268502581755595
2020-11-04,3734,2847,887,0.76245313336904119,4325,51866,1.1582753079807178,13.890198178896625
2020-11-05,3272,2412,860,0.73716381418092913,3840,51952,1.17359413202934,15.877750611246944
2020-11-06,2813,2025,788,0.71987202275151085,3319,49004,1.1798791325986491,17.420547458229649
2020-11-07,2004,1546,458,0.77145708582834327,2271,34309,1.1332335329341316,17.120259481037923
2020-11-08,1919,1520,399,0.79207920792079212,2163,30137,1.1271495570609693,15.704533611255862
2020-11-09,2805,2085,720,0.74331550802139035,3271,44756,1.1661319073083778,15.955793226381461
2020-11-10,3260,2452,808,0.75214723926380367,3824,51195,1.173006134969325,15.70398773006135
2020-11-11,3296,2443,853,0.74120145631067957,3809,51941,1.1556432038834952,15.75879854368932
2020-11-12,3179,2272,907,0.71469015413652093,3693,49166,1.1616860648002516,15.465869770368041
2020-11-13,2860,2150,710,0.75174825174825177,3338,50358,1.1671328671328671,17.607692307692307
2020-11-14,2076,1622,454,0.7813102119460501,2360,34039,1.1368015414258188,16.396435452793835
2020-11-15,1957,1566,391,0.80020439448134906,2213,31195,1.1308124680633622,15.940214614205416
2020-11-16,3085,2334,751,0.75656401944894647,3532,49320,1.1448946515397083,15.987034035656402
2020-11-17,3449,2561,888,0.74253406784575238,4063,59789,1.1780226152507973,17.33516961438098
2020-11-18,3505,2636,869,0.75206847360912976,4126,55456,1.1771754636233951,15.821968616262483
2020-11-19,3566,2689,877,0.7540661805945037,4189,53932,1.1747055524397083,15.123948401570386
2020-11-20,3477,2626,851,0.75524877768190968,4127,57894,1.186942766752948,16.650560828300257
2020-11-21,2755,2173,582,0.78874773139745913,3190,41980,1.1578947368421053,15.237749546279492
2020-11-22,2359,1887,472,0.7999152183128444,2687,36446,1.1390419669351419,15.449766850360323
2020-11-23,3421,2640,781,0.77170418006430863,3960,52844,1.157556270096463,15.446945337620578
2020-11-24,3821,2741,1080,0.71735147867050508,4422,62971,1.1572886678879875,16.480240774666317
2020-11-25,3988,2895,1093,0.72592778335005015,4604,64469,1.1544633901705115,16.165747241725175
2020-11-26,3626,2878,748,0.79371207942636512,4177,54681,1.1519580805295091,15.080253723110866
2020-11-27,3512,2808,704,0.79954441913439633,3977,54254,1.1324031890660593,15.448177676537586
2020-11-28,3010,2452,558,0.81461794019933553,3387,44643,1.125249169435216,14.831561461794021
2020-11-29,2887,2320,567,0.803602355386214,3253,42169,1.1267751991686872,14.606511950121233
2020-11-30,3971,3058,913,0.77008310249307477,4583,70614,1.1541173507932512,17.782422563586
2020-12-01,4308,3302,1006,0.7664809656453111,4983,71804,1.1566852367688023,16.667595171773446
2020-12-02,4101,3184,917,0.77639600097537187,4801,66832,1.1706900755913192,16.296513045598633
2020-12-03,4464,3512,952,0.78673835125448033,5182,71689,1.16084229390681,16.059363799283155
2020-12-04,4131,3247,884,0.78600823045267487,4714,69393,1.141128056160736,16.798111837327525
2020-12-05,3082,2489,593,0.80759247242050614,3498,49528,1.1349772874756652,16.070084360804671
2020-12-06,2948,2403,545,0.81512890094979651,3327,42828,1.1285617367706919,14.527815468113976
2020-12-07,4709,3740,969,0.79422382671480141,5451,71632,1.1575706094712253,15.211722234019962
2020-12-08,6689,5481,1208,0.819404993272537,7562,92199,1.1305127821796981,13.783674689789207
2020-12-09,5531,4408,1123,0.796962574579642,6282,82315,1.1357801482552883,14.882480564093292
2020-12-10,5241,4051,1190,0.77294409463842773,5993,80855,1.1434840679259684,15.427399351268841
2020-12-11,4948,3885,1063,0.78516572352465641,5607,75780,1.1331851253031529,15.315278900565886
2020-12-12,3750,3126,624,0.8336,4135,56146,1.1026666666666667,14.972266666666666
2020-12-13,3402,2867,535,0.84273956496178715,3699,46886,1.0873015873015872,13.781893004115226
2020-12-14,4552,3690,862,0.81063268892794371,5098,66082,1.1199472759226714,14.517135325131811
2020-12-15,4992,3983,1009,0.79787660256410253,5741,72774,1.1500400641025641,14.578125
2020-12-16,4820,3849,971,0.7985477178423237,5528,67497,1.1468879668049792,14.003526970954358
2020-12-17,4711,3819,892,0.81065591169603057,5345,63887,1.1345786457227764,13.561239651878582
2020-12-18,4261,3546,715,0.83219901431588827,4824,56742,1.132128608307909,13.3165923492138
2020-12-19,3236,2772,464,0.85661310259579726,3587,37342,1.1084672435105067,11.539555006180469
2020-12-20,2966,2562,404,0.863789615643965,3288,30071,1.1085637221847606,10.138570465273094
2020-12-21,3627,2937,690,0.80976013234077748,4006,42623,1.1044940722360077,11.751585332230494
2020-12-22,3405,2717,688,0.79794419970631425,3838,44519,1.127165932452276,13.07459618208517
2020-12-23,3123,2526,597,0.808837656099904,3443,40040,1.1024655779699006,12.821005443483831
2020-12-24,2601,2241,360,0.86159169550173009,2798,26139,1.0757400999615532,10.04959630911188
2020-12-25,2491,2205,286,0.88518667201926937,2645,21355,1.0618225612203933,8.5728623042954641
2020-12-26,2472,2209,263,0.89360841423948223,2676,22121,1.0825242718446602,8.9486245954692549
2020-12-27,2493,2178,315,0.87364620938628157,2677,22496,1.0738066586442037,9.0236662655435218
2020-12-28,3042,2576,466,0.84681130834976992,3356,32576,1.1032215647600263,10.708744247205786
2020-12-29,3124,2644,480,0.84635083226632524,3435,33975,1.09955185659411,10.875480153649168
2020-12-30,2955,2512,443,0.85008460236886629,3213,30062,1.0873096446700508,10.173265651438241
2020-12-31,2444,2103,341,0.86047463175122751,2619,24537,1.0716039279869067,10.039689034369886
2021-01-01,2160,1915,245,0.88657407407407407,2308,22096,1.0685185185185184,10.229629629629629
2021-01-02,2581,2296,285,0.8895776830685781,2728,23599,1.0569546687330491,9.1433552886478111
2021-01-03,2579,2254,325,0.87398216362931369,2785,24743,1.0798759208995734,9.5940286932919729
2021-01-04,3079,2620,459,0.850925625202988,3367,31395,1.0935368626177331,10.196492367651835
2021-01-05,4101,3478,623,0.848085832723726,4485,42827,1.093635698610095,10.443062667642039
2021-01-06,5486,4732,754,0.86255924170616116,5995,56076,1.0927816259569814,10.221655122129055
2021-01-07,4171,3493,678,0.83744905298489569,4660,44473,1.1172380724046991,10.662431071685447
2021-01-08,3803,3193,610,0.83960031554036285,4262,41201,1.1206941887983171,10.83381540888772
2021-01-09,2958,2550,408,0.86206896551724133,3258,31630,1.101419878296146,10.693035835023665
2021-01-10,2772,2392,380,0.862914862914863,3002,27429,1.0829725829725829,9.8950216450216448
2021-01-11,3606,2980,626,0.82640044370493626,3953,38144,1.0962285080421519,10.577925679423183
2021-01-12,4195,3488,707,0.831466030989273,4721,48498,1.1253873659117997,11.560905840286054
2021-01-13,4131,3439,692,0.832486080852094,4570,45541,1.1062696683611717,11.024207213749698
2021-01-14,3909,3246,663,0.83039140445126636,4363,45685,1.1161422358659503,11.687132258889742
2021-01-15,3550,2971,579,0.83690140845070427,3935,40405,1.1084507042253522,11.38169014084507
2021-01-16,2892,2510,382,0.867911479944675,3177,30261,1.0985477178423237,10.463692946058091
2021-01-17,2716,2374,342,0.874079528718704,2988,27064,1.1001472754050075,9.9646539027982328
2021-01-18,3226,2735,491,0.84779913205207691,3610,32358,1.1190328580285183,10.030378177309361
2021-01-19,3713,3056,657,0.82305413412335038,4187,50474,1.1276595744680851,13.593859412873687
2021-01-20,4222,3454,768,0.81809568924680243,4805,64109,1.1380862150639508,15.184509711037423
2021-01-21,4198,3393,805,0.80824202000952838,4687,52686,1.1164840400190568,12.550262029537874
2021-01-22,3605,2908,697,0.80665742024965326,4089,49922,1.134257975034674,13.847988904299584
2021-01-23,2824,2399,425,0.8495042492917847,3132,34322,1.1090651558073654,12.153682719546742
2021-01-24,2701,2275,426,0.8422806368011847,2968,31702,1.0988522769344686,11.737134394668642
2021-01-25,3507,2842,665,0.810379241516966,3906,41718,1.1137724550898203,11.895637296834902
2021-01-26,3586,2887,699,0.80507529280535417,4089,42232,1.1402677077523704,11.776910206358059
2021-01-27,4017,3045,972,0.7580283793876027,4599,48665,1.1448842419716205,12.114762260393329
2021-01-28,3735,2903,832,0.77724230254350735,4216,43131,1.1287817938420348,11.547791164658635
2021-01-29,3386,2732,654,0.80685174246898994,3791,40877,1.1196101594802126,12.07235676314235
2021-01-30,2610,2131,479,0.81647509578544064,2900,30395,1.1111111111111112,11.645593869731801
2021-01-31,2546,2125,421,0.8346425765907306,2841,26489,1.1158680282796543,10.404163393558523